subreddit,total_posts,viral_posts,avg_score,avg_comments,virality_rate_pct
u_Petitencurvy112,1014,713,3029.3214990138067,18.209072978303748,70.316
steroids,1192,609,5.493288590604027,129.5738255033557,51.091
u_PantyNectar,1706,847,761.1359906213364,127.65592028135991,49.648
u_submissiveprincessx,1394,632,1226.654949784792,7.205164992826399,45.337
u_MadisonLarra,1089,467,1047.1046831955923,50.72727272727273,42.883
SaintMeghanMarkle,14246,5791,175.3873367962937,102.28176330197951,40.65
BestofRedditorUpdates,6296,2551,1607.8962833545108,165.68948538754765,40.518
u_MathematicianOdd8611,1059,418,928.0793201133145,9.220963172804533,39.471
steam_giveaway,3543,1329,30.641264465142534,116.25232853513971,37.511
u_PoppynZach,1590,590,869.5075471698113,57.63459119496855,37.107
u_iam_ocotkuro,1010,370,859.4970297029703,6.043564356435644,36.634
BORUpdates,1893,692,633.9234020073957,77.22081352350766,36.556
TumblrDraws,1201,436,2097.3064113238966,15.4729392173189,36.303
moderatepolitics,3703,1337,75.82851741830947,111.54685390224142,36.106
wholesomeanimemes,2879,1002,1403.3935394234109,16.1347690170198,34.804
NameMyDog,3930,1356,138.58931297709924,107.68473282442748,34.504
fixedbytheduet,2603,885,1476.823665001921,30.242028428736074,33.999
CuratedTumblr,21971,7440,1457.4717582267535,54.64330253515998,33.863
hellsomememes,1814,578,1383.4404630650497,12.007717750826902,31.863
NonPoliticalTwitter,8742,2699,1587.2816289178677,38.24376572866621,30.874
DebateAnAtheist,2906,880,4.822436338609773,84.89848589125947,30.282
GetNoted,2008,579,1031.8481075697212,47.35109561752988,28.835
Catnames,2847,809,183.62697576396207,88.58377239199157,28.416
ReallyBigShow,1273,352,4.412411626080126,79.45954438334643,27.651
Genshin_Impact_Leaks,5905,1622,450.7044877222693,108.22574089754445,27.468
DebateEvolution,1179,322,12.980491942324003,76.6802374893978,27.311
justgalsbeingchicks,1740,466,938.6155172413793,23.601724137931033,26.782
PoliticalDebate,2040,545,5.2446078431372545,79.99705882352941,26.716
YouniquePresenterMS,4294,1133,84.88262692128552,65.76711690731253,26.386
brittanydawnsnark,3915,1030,121.56296296296296,62.04240102171136,26.309
TheFarSide,1666,438,734.3181272509004,8.231692677070829,26.291
badunitedkingdom,1000,255,10.507,152.015,25.5
me_irlgbt,7027,1786,1101.5844599402305,17.91347659029458,25.416
OriginalCharacter_RP,22189,5539,8.360403803686511,76.15345441434945,24.963
hentaimemes,2823,703,637.6904002833865,10.471838469713072,24.903
holdmycatnip,9836,2441,1339.2820252135014,21.303578690524603,24.817
NikkeNSFW,4022,995,589.4848334162108,4.233465937344604,24.739
ezraklein,1322,320,62.882753403933435,99.02118003025718,24.206
tumblr,9718,2344,2176.272895657543,39.560609178843386,24.12
DaniMarina,1697,408,37.38715380082498,84.28344136711844,24.042
toolgifs,1205,289,675.4804979253112,21.285477178423236,23.983
Stonetossingjuice,2081,495,685.9937530033637,22.770302739067755,23.787
whatismycookiecutter,3934,935,320.47763091001525,101.32358922216574,23.767
greentext,19036,4502,994.811830216432,36.80032569867619,23.65
BlackPeopleTwitter,21940,5129,1306.9734275296262,71.72575205104832,23.377
LeopardsAteMyFace,8044,1878,1256.3024614619592,72.81526603679761,23.347
AshleyTervort,1188,271,443.13047138047136,3.218855218855219,22.811
PurplePillDebate,14035,3158,10.665764161026006,92.42130388314926,22.501
thewallstreet,1146,257,5.523560209424084,66.8106457242583,22.426
CapitalismVSocialism,4599,1030,4.466623178951946,57.41617742987606,22.396
Abortiondebate,2344,521,10.51066552901024,63.83105802047782,22.227
CoopAndPabloPlayHouse,4601,1017,1.0623777439687025,102.7733101499674,22.104
centrist,7636,1687,17.52147721320063,64.02802514405448,22.093
inflation,2669,584,118.23154739602847,83.28812289246909,21.881
DebateAVegan,2360,514,2.8135593220338984,55.30762711864407,21.78
clevercomebacks,12831,2794,2360.214792299899,91.92463564803991,21.775
economicCollapse,1096,238,140.7007299270073,88.63686131386861,21.715
IntellectualDarkWeb,1674,363,18.374551971326166,93.69354838709677,21.685
OhNoConsequences,1941,417,650.7923750643998,53.675940236991245,21.484
fatlogic,2236,477,123.17039355992844,49.1484794275492,21.333
NameMyCat,8268,1747,222.0555152394775,98.39513788098694,21.13
PoliticalCompassMemes,23878,5009,343.1110226987185,72.18787168104531,20.977
RaeLilBlack,1116,232,473.3763440860215,2.0367383512544803,20.789
MovieLeaksAndRumors,1021,212,361.44564152791384,49.459353574926546,20.764
madlads,4048,839,2053.066946640316,39.05607707509881,20.726
ActualPublicFreakouts,5030,1039,375.77733598409543,64.35268389662028,20.656
HonkaiStarRail_leaks,5565,1141,349.33782569631626,62.95669362084456,20.503
ShitMomGroupsSay,3317,678,219.87880615013566,51.468495628580044,20.44
RaidenNSFW,1180,241,454.20254237288134,1.8949152542372882,20.424
TeenMomOGandTeenMom2,14353,2923,80.69497665993173,62.37239601477043,20.365
churningcanada,1181,239,4.726502963590177,47.005927180355634,20.237
ffxivdiscussion,3115,626,22.189727126805778,60.219903691813805,20.096
JustGuysBeingDudes,7377,1481,985.5773349600108,19.119967466449776,20.076
AITA_WIBTA_PUBLIC,3786,757,198.5108293713682,98.01135763338615,19.995
bi_irl,6888,1377,641.2777293844367,18.720673635307783,19.991
teenmom,3090,617,67.14854368932039,59.69223300970874,19.968
CatDistributionSystem,3483,694,605.5498133792707,23.92305483778352,19.925
BrexitMemes,1358,267,269.09499263622973,51.83063328424153,19.661
SubredditDrama,5316,1045,101.16252821670429,70.10571858540256,19.658
HermanCainAward,1413,277,419.5647558386412,52.74309978768577,19.604
aspiememes,6602,1294,574.24174492578,36.58618600424114,19.6
MildlyBadDrivers,1915,375,539.3195822454309,77.1065274151436,19.582
BungouSimpBattlesRP,3744,725,2.010149572649573,57.40144230769231,19.364
scotus,1950,377,396.2523076923077,63.94717948717949,19.333
polandball,5315,1018,558.5862652869238,21.231796801505173,19.153
AbruptChaos,8866,1697,574.7877284006316,42.79754116850891,19.141
serialpodcast,1105,211,6.818099547511312,48.664253393665156,19.095
GenerationJones,2248,429,84.65480427046263,61.06405693950178,19.084
MaliciousCompliance,3772,715,575.1906150583245,41.560445387062565,18.955
WhitePeopleTwitter,51233,9669,1249.548786914684,76.54400484063007,18.873
DecodingTheGurus,3284,609,73.83647990255785,71.32155907429963,18.544
GamingLeaksAndRumours,7386,1369,120.4377200108313,54.82493907392364,18.535
dndmemes,17089,3164,657.5796126163029,21.733278717303527,18.515
CriticalDrinker,2086,386,134.7732502396932,65.82646212847555,18.504
Millennials,21716,4015,231.01031497513355,111.76837354945663,18.489
BoomersBeingFools,22699,4176,580.0346270760826,81.76730252434028,18.397
ThatsInsane,13710,2490,554.9867250182349,64.88132749817652,18.162
dross,1130,205,430.9637168141593,6.131858407079646,18.142
lifeguardkitties,1642,295,592.0809987819732,10.520706455542022,17.966
changemyview,28549,5110,24.359312059967074,65.90581106168342,17.899
HonkaiStarRail34,4862,870,502.39058000822706,2.73200329082682,17.894
wunkus,14169,2523,494.85567083068673,10.287035076575624,17.806
unusual_whales,4235,752,187.17804014167652,61.830932703659975,17.757
ImTheMainCharacter,16272,2886,575.8242379547689,93.36633480825958,17.736
FundieSnarkUncensored,16105,2850,193.15287177895064,49.39397702576839,17.696
illnessfakers,3071,542,47.48323021816998,48.35818951481602,17.649
tipping,1776,312,29.707207207207208,86.75675675675676,17.568
ExplainTheJoke,10397,1810,831.7311724535924,39.940463595267865,17.409
MarkMyWords,10402,1810,59.82878292636032,79.57806191117093,17.4
CyberStuck,4579,791,462.42607556234987,62.89735750163791,17.275
BlockedAndReported,1401,242,41.42255531763026,69.66952177016417,17.273
whatthefrockk,3962,684,380.8202927814235,45.37632508833922,17.264
PrequelMemes,16775,2896,766.0014307004471,25.496631892697465,17.264
BlackPeopleComedy,2439,419,498.4751947519475,23.318983189831897,17.179
LittlePeopleBigWorld,1871,321,39.56440406199893,51.652057723142704,17.157
whenthe,36744,6301,710.9684302198998,22.149412148922274,17.148
chaoticgood,4678,801,756.5017101325353,16.20713980333476,17.123
RandomActsOfGaming,1320,226,21.88712121212121,57.69090909090909,17.121
VioletMyers,4497,767,488.54858794752056,2.8452301534356237,17.056
streetmoe,3849,656,500.45544297220056,1.801766692647441,17.043
TrollXChromosomes,5143,875,414.90316935640675,19.24382656037332,17.013
adhdmeme,13081,2225,537.971714700711,21.961241495298523,17.009
kiwisavengers,2413,409,27.941566514711976,39.54496477414008,16.95
churning,2296,389,4.664634146341464,38.56794425087108,16.943
australian,14085,2374,50.13560525381612,66.48739794107206,16.855
Idiotswithguns,2115,356,372.01749408983454,42.71063829787234,16.832
NBATalk,6419,1080,83.37747312665525,63.29054369839539,16.825
DramaticText,2116,356,452.94328922495276,13.637051039697543,16.824
WorkReform,10555,1772,705.0722880151587,28.932449076267172,16.788
MVIS,1695,282,34.22241887905605,53.96991150442478,16.637
ElsaJean,1737,288,367.5492227979275,2.7973517559009786,16.58
boysarequirky,4366,722,265.34631241410904,61.912276683463126,16.537
EvaElfie,3002,495,364.6282478347768,1.3467688207861426,16.489
AskOldPeopleAdvice,2163,354,26.388349514563107,73.65233472029588,16.366
ichbin40undSchwurbler,5963,972,154.09190005031024,50.5411705517357,16.301
MonaMains,1268,206,386.93611987381706,3.8966876971608833,16.246
FluentInFinance,9448,1531,724.69866638442,143.7803767993226,16.204
GiannaMichaels,2585,418,447.4661508704062,4.676982591876209,16.17
AccidentalAlly,2483,401,495.92347966169956,17.953282319774466,16.15
MiaMalkova,2172,349,397.7725598526703,4.269797421731123,16.068
samharris,5006,802,18.142229324810227,50.751697962445064,16.021
TropPeurDeDemander,2412,384,15.835820895522389,57.7893864013267,15.92
suicidebywords,3174,505,1206.603654694392,18.37429111531191,15.911
saltierthankrayt,12707,2015,172.90021248130952,50.13945069646651,15.857
cursed_videomemes,1343,212,432.6656738644825,7.884586746090841,15.786
PublicFreakout,39091,6165,545.2244762221483,79.43902688598399,15.771
Cardinals,3396,534,23.482626619552416,63.813309776207305,15.724
Comebacks,5365,843,20.98229263746505,68.81248835041939,15.713
CringeTikToks,4756,747,221.7417998317914,63.16063919259882,15.706
IllegallySmolCats,17495,2737,544.3911403258073,12.294312660760218,15.644
animequestions,3173,496,112.94831389851875,68.97730854081311,15.632
trashyboners,9091,1417,571.8683313166869,8.675063249367506,15.587
altmpls,1329,207,22.26711813393529,48.29721595184349,15.576
u_bobabuttgirl,1698,264,525.7791519434629,8.089517078916373,15.548
NagatoroHentai,2143,333,375.72421838544096,1.6892207186187587,15.539
goodanimemes,20604,3200,511.8490584352553,15.74801009512716,15.531
millenials,5898,916,269.96642929806717,134.39657511020684,15.531
internationalpolitics,1894,294,191.28299894403378,49.62143611404435,15.523
TerrifyingAsFuck,9606,1486,436.6240891109723,37.110868207370395,15.469
oddlysatisfying,21025,3252,1246.5442568370986,38.16803804994055,15.467
Vanderpumpaholics,11759,1815,96.38821328344247,48.48941236499702,15.435
Idaho4,1290,199,10.430232558139535,45.064341085271316,15.426
SameGrassButGreener,9045,1394,15.601990049751244,61.43637368711995,15.412
RodriguesFamilySnark,2766,426,71.81381055676067,48.43456254519161,15.401
bestoflegaladvice,2202,339,104.17620345140782,47.40871934604905,15.395
craftsnark,1728,266,70.12152777777777,45.57523148148148,15.394
ItsAllAboutGames,1437,221,24.63883089770355,54.19763395963813,15.379
skeptic,5170,795,87.18510638297872,49.800193423597676,15.377
HilariaBaldwin,8548,1313,77.14506317267197,46.94560131024801,15.36
AskALiberal,10915,1675,7.049015116811727,45.28410444342648,15.346
NahOPwasrightfuckthis,6151,942,190.74231832222404,80.09478133636807,15.315
BreakingPoints,7080,1084,8.956779661016949,49.93502824858757,15.311
Xennials,19944,3052,134.08358403529883,56.73079622944244,15.303
WagoonLadies,4663,710,14.208449496032596,49.907570233755095,15.226
SwiftlyNeutral,10447,1589,85.78127692160429,49.5564276825883,15.21
de_IAmA,2370,358,22.798312236286918,43.42827004219409,15.105
opinionnonpopulaire,1510,228,31.012582781456953,42.87615894039735,15.099
Bumperstickers,2973,448,211.7874201143626,72.54927682475613,15.069
AutumnFalls,2230,336,418.8713004484305,1.9919282511210763,15.067
ShitAmericansSay,10980,1654,286.59708561020034,46.38451730418944,15.064
hewillbebaked,2153,323,509.19832791453786,8.800743149094288,15.002
idiocracy,4932,735,178.21816707218167,58.79967558799676,14.903
fightporn,14578,2170,446.6900123473728,35.40513101934422,14.885
wholesomememes,40138,5971,1227.5413074891624,17.67016293786437,14.876
distressingmemes,10251,1522,461.4903911813482,17.573212369524924,14.847
Grimdank,34561,5130,431.27287983565293,29.97332253117676,14.843
toptalent,4618,682,703.0560848852317,24.872672152446945,14.768
comedyhomicide,4648,686,487.0471170395869,17.302280550774526,14.759
trolleyproblem,2438,359,331.9667760459393,43.373666940114845,14.725
PeopleBeTrippin,6159,904,40.85143692157818,43.993018347134274,14.678
memesopdidnotlike,10202,1496,209.43854146245835,55.70064693197412,14.664
Persecutionfetish,3329,488,315.36647641934513,37.49264043256233,14.659
AzurLewd,6177,905,444.2378177108629,2.3359235875020237,14.651
nrl,9513,1386,30.81183643435299,91.3076842215915,14.57
SomeOfYouMayDie,1964,286,173.877800407332,38.955193482688394,14.562
4chan,13262,1931,357.10903332830645,32.61408535665812,14.56
SipsTea,34653,5044,866.727729200935,35.03673563616426,14.556
REBubble,9633,1402,105.02823627115126,47.314128516557666,14.554
RedditForGrownups,3336,485,38.729916067146284,50.673860911270985,14.538
Fauxmoi,26560,3861,316.29231927710845,44.8347515060241,14.537
