subreddit,total_posts,viral_posts,median_score,avg_score,virality_rate_pct
hentaibondage,1621,785,2,195.78963602714373,48.427
MadeMeSmile,2652,1205,1,3054.3631221719456,45.437
LoveIslandTV,1727,769,1,77.4082223508975,44.528
FingMemes,1566,694,2,239.088122605364,44.317
tiktokthots,2311,972,4,360.6988316745997,42.06
anal,1390,580,8,573.5884892086331,41.727
funnyvideos,1339,557,1,595.2068707991039,41.598
BrasiIeirasGostosas,1132,467,1,95.41519434628975,41.254
Boxing,1417,582,1,62.73394495412844,41.073
PreggoPorn,1862,756,1,95.65950590762621,40.602
50and60plusGW,1754,711,1,60.75769669327252,40.536
LivestreamFail,2077,837,1,322.46509388541165,40.299
singapore,1650,663,1,80.32606060606061,40.182
brasil,2953,1183,1,85.3200135455469,40.061
IndiansGoneWild,2178,862,1,69.84067952249771,39.578
aviation,2147,843,1,212.17000465766185,39.264
todayilearned,2986,1171,3,1766.076356329538,39.216
ColleenBallingerSnark,3499,1365,5,90.99228350957416,39.011
Guildwars2,1210,470,1,63.0603305785124,38.843
eyeblech,1690,656,2,280.35325443786985,38.817
Romania,3156,1224,1,68.882762991128,38.783
therewasanattempt,3378,1308,10,1825.51450562463,38.721
Damnthatsinteresting,4234,1630,7,2500.5099196976853,38.498
foreverplayer,3007,1141,2,65.68007981376788,37.945
lakers,1507,566,1,96.98739216987393,37.558
ButterflyWings,1433,537,1,104.05303558967202,37.474
MechanicalKeyboards,1134,422,1,55.65079365079365,37.213
blondegirlsfucking,1084,402,1,71.89206642066421,37.085
PublicSexPorn,1099,407,1,66.89626933575978,37.034
Genshin_Impact,6750,2498,1,292.7217777777778,37.007
unitedkingdom,2201,814,1,174.84189004997728,36.983
croatia,1555,573,1,48.43151125401929,36.849
wifesharing,1259,462,2,59.33915806195393,36.696
ShemalesParadise,3001,1101,1,62.50549816727757,36.688
chicago,1227,450,1,97.21434392828036,36.675
LaBeauteFeminine,2352,859,1,29.321428571428573,36.522
Wellthatsucks,1381,503,1,580.9094858797972,36.423
ffxiv,1945,707,1,149.91670951156811,36.35
sexygirls,1010,365,1,56.10891089108911,36.139
JizzedToThis,1284,464,2,196.34968847352025,36.137
nba,6637,2398,4,432.20656923308724,36.131
toronto,1858,671,1,117.9913885898816,36.114
shid_and_camed,1102,397,93,1266.1932849364791,36.025
space,1408,505,2,354.0276988636364,35.866
jumalattaret,1595,569,1,16.550470219435738,35.674
BeAmazed,1863,663,11,2300.593666129898,35.588
MMA,1349,480,6,175.04744255003706,35.582
BAYIRDOMUZLARI,1739,617,1,28.31627372052904,35.48
AskAnAmerican,1153,408,1,51.70251517779705,35.386
cats,18146,6382,1,160.98445938498844,35.17
SheLikesItRough,2367,831,2,302.16476552598226,35.108
PublicFreakout,2038,709,36,1692.710500490677,34.789
SexyPolishYoutuber,2803,974,2,44.51373528362469,34.748
philadelphia,1474,512,1,120.29240162822252,34.735
sweden,2185,758,1,109.73318077803204,34.691
MomSonIncest,2803,970,2,129.16232607920085,34.606
iOSBeta,1090,376,1,37.37981651376147,34.495
LMDShow,2066,708,6,114.3078412391094,34.269
politics,6124,2094,24,1333.4392553886348,34.193
memes,14803,5051,1,572.5178679997298,34.121
GlobalOffensive,2741,927,2,165.35497993433054,33.82
JoeRogan,1110,375,1,175.88108108108108,33.784
Indiangirlsontinder,1385,467,1,65.43826714801445,33.718
MonsterHunter,1475,496,2,132.00881355932202,33.627
CrazyFuckingVideos,1242,417,50,1499.7657004830917,33.575
VirginiaGoneWild,1448,486,5,63.19613259668508,33.564
television,2325,780,1,284.5651612903226,33.548
gettingherselfoff,2140,710,1,77.68271028037383,33.178
vanderpumprules,3218,1067,1,131.13486637663144,33.157
florida,1147,380,1,75.90584132519616,33.13
BBCSluts,3093,1022,2,104.44067248625929,33.042
Edmonton,1710,565,1,52.760233918128655,33.041
FitNakedGirls,2739,903,4,114.74224169404893,32.968
marvelstudios,1646,540,1,360.9374240583232,32.807
ireland,3674,1197,1,79.47278170930865,32.58
TaylorSwift,4759,1543,1,88.6822861945787,32.423
dogecoin,1425,457,1,30.756491228070175,32.07
UFOs,7130,2269,1,114.67784011220196,31.823
hearthstone,1673,532,1,83.48057381948595,31.799
wholesome,1072,340,4,563.0065298507462,31.716
Denmark,1974,625,1,51.41084093211753,31.662
nsfwhotgifs,1628,510,1,66.44840294840294,31.327
nextfuckinglevel,1089,341,1,5071.00826446281,31.313
highheelsNSFW,1134,355,5,76.65961199294533,31.305
sneakerreps,4290,1340,1,9.044522144522144,31.235
TheSilphRoad,1596,498,1,64.18796992481202,31.203
SWGalaxyOfHeroes,1741,543,1,35.82021826536473,31.189
ass,5657,1757,1,59.47551705851158,31.059
ESTILOZAP,2875,890,1,23.837217391304346,30.957
magicTCG,2595,802,1,148.9849710982659,30.906
TheLastAirbender,1071,331,8,646.2838468720822,30.906
Unexpected,1097,338,1,1221.6855059252507,30.811
summonerswar,1693,521,1,23.611340815121086,30.774
indiangirls,1914,589,1,48.828631138975965,30.773
Tekken,1560,480,3,110.49935897435897,30.769
StarWars,2525,776,1,348.23049504950495,30.733
ar15,2024,619,3,58.72430830039526,30.583
HelluvaBoss,1417,433,10,239.33874382498234,30.558
breakingbad,1189,363,1,98.70395290159799,30.53
BlackedMILFs,1649,503,1,25.383262583383868,30.503
OnePunchMan,1599,485,22,459.2401500938086,30.331
technology,3087,934,1,842.7547781017169,30.256
petite,2176,658,1,45.4765625,30.239
PeterExplainsTheJoke,1486,449,19,1046.0060565275908,30.215
formula1,2488,749,16,426.15755627009645,30.105
shitposting,11691,3517,7,794.2300059875117,30.083
HugeDickTinyChick,2108,632,1,282.79411764705884,29.981
SacramentoGoneWild,1015,304,1,24.257142857142856,29.951
CasualUK,2715,810,3,346.34953959484346,29.834
Denver,1837,548,2,87.51170386499727,29.831
sanfrancisco,1595,475,3,111.56050156739812,29.781
XboxSeriesX,2880,857,1,84.25625,29.757
Threesome,2792,830,3,109.75787965616045,29.728
manga,6799,2013,6,172.92395940579496,29.607
USMC,1111,328,7,120.11161116111612,29.523
skateboarding,1085,320,5,108.6073732718894,29.493
IndianCelebScenes,1458,428,8,165.9286694101509,29.355
knitting,1120,328,7,116.89196428571428,29.286
TotallyStraight,1513,443,1,314.9312623925975,29.28
Hot_Thick_Ladies,1114,326,3,66.92549371633753,29.264
washingtondc,1272,372,2,74.09905660377359,29.245
HomemadeNsfw,1968,572,1,41.99085365853659,29.065
NatureIsFuckingLit,1356,394,1,899.3517699115044,29.056
LinusTechTips,1290,374,2,162.55581395348838,28.992
18_19,3338,967,2,55.890952666267225,28.969
de,2406,696,6,143.77888611803823,28.928
BikiniBottomTwitter,1253,362,1,510.21787709497204,28.891
FinalFantasy,2077,600,1,85.22002888781897,28.888
nhl,1817,524,2,120.9620253164557,28.839
SmashBrosUltimate,1021,294,4,127.26738491674828,28.795
PNW_4_Adults,1591,458,3,52.47705845380264,28.787
Tinder,3325,955,1,501.4691729323308,28.722
Persona5,1407,404,11,310.40227434257287,28.714
destiny2,3852,1106,1,192.13759086188992,28.712
LosAngeles,1572,451,1,98.83905852417303,28.69
Jokes,4002,1140,1,212.4582708645677,28.486
CODZombies,1427,406,2,77.62368605466013,28.451
masseffect,1193,339,5,152.8558256496228,28.416
polyamory,1283,364,1,31.598597038191738,28.371
Egypt,1069,303,1,21.766136576239475,28.344
nyc,1834,519,1,62.029443838604145,28.299
scifi,1167,330,1,73.20908311910883,28.278
EngorgedVeinyBreasts,2987,843,1,75.47003682624707,28.222
conspiracy_commons,1060,299,2,57.96037735849057,28.208
moviecritic,1231,347,5,100.78878960194963,28.188
ottawa,2232,628,2,43.33870967741935,28.136
Calgary,2065,580,1,42.67506053268765,28.087
masterduel,3740,1047,1,56.29304812834225,27.995
softwaregore,2431,680,1,55.77252159605101,27.972
DC_Cinematic,1799,503,1,163.100611450806,27.96
CanadaPolitics,1195,334,4,46.35481171548117,27.95
electricvehicles,1424,398,2,51.47050561797753,27.949
ontario,1407,393,4,119.07675906183368,27.932
Dragonballsuper,1341,374,9,213.77479492915734,27.89
bayarea,1324,369,3,109.52719033232628,27.87
argentina,2721,757,3,79.99081220139655,27.821
tf2,1532,426,4,397.8244125326371,27.807
korea,1162,322,1,51.52065404475043,27.711
camping,1166,322,3,72.51114922813036,27.616
pokemon,3994,1103,1,128.3420130195293,27.616
MNGoneWild,1581,436,2,35.258697027197975,27.577
AirBnB,1038,286,1,58.09344894026975,27.553
civ,1007,277,5,161.62760675273088,27.507
3DS,1512,415,1,62.57275132275132,27.447
AirForce,1863,510,3,78.5829307568438,27.375
brasilivre,3841,1050,2,29.948190575370997,27.337
DCcomics,2234,609,3,100.10340196956132,27.261
stalker,1050,286,6,102.58095238095238,27.238
pornhwa,1686,459,5,50.400948991696325,27.224
hmmm,1297,353,16,596.6669236700077,27.217
Costco,1897,516,2,169.7838692672641,27.201
NewZealandGirls,1059,288,1,10.81586402266289,27.195
residentevil,2649,719,3,134.1449603624009,27.142
DrewDurnil,1056,286,1,36.047348484848484,27.083
Witcher3,1042,282,6,139.4088291746641,27.063
PokemonScarletViolet,2073,561,2,116.82778581765557,27.062
france,2540,686,5,72.93228346456694,27.008
Dallas,1241,335,2,76.96535052377115,26.994
pittsburgh,1470,396,3,55.99183673469388,26.939
bjj,2061,554,1,64.61135371179039,26.88
AnalAtLast,1767,474,1,17.7475947934352,26.825
Asmongold,2511,673,1,71.82915173237754,26.802
facepalm,4545,1218,21,2886.679867986799,26.799
WarhammerCompetitive,1508,404,3,40.86339522546419,26.79
schoolgirlsgonewild,1300,348,1,22.61230769230769,26.769
medicalschool,1644,440,1,74.42883211678833,26.764
KCGoneWild,1425,381,1,24.455438596491227,26.737
2007scape,6386,1707,1,111.9217037269026,26.73
HonkaiStarRail,10880,2908,3,273.425,26.728
Argaming,1059,283,2,31.326723323890462,26.723
DotA2,3283,877,2,93.9506548888212,26.713
dbz,1083,289,1,83.00277008310249,26.685
Wizard101,1181,315,3,61.06350550381033,26.672
DBZDokkanBattle,1304,347,6,77.98926380368098,26.61
PERSoNA,1957,520,12,201.6540623403168,26.571
MonsterHunterWorld,1047,278,7,119.00573065902579,26.552
CentaurGirls,6003,1592,1,70.2032317174746,26.52
poland,1245,330,1,126.49076305220883,26.506
UnsleepingNsfw,1127,298,1,11.061224489795919,26.442
Warframe,2021,534,1,87.37951509153885,26.423
