hour_utc,total_posts,viral_posts,avg_score,avg_comments,viral_rate_pct
0,1042382,12837,43.38,6.53,1.232
1,1028937,12099,41.9,6.26,1.176
2,1010115,11434,39.84,6.04,1.132
3,963557,10771,39.99,5.83,1.118
4,913276,9732,37.09,5.59,1.066
5,880368,9012,36.43,5.14,1.024
6,859816,8658,35.15,4.91,1.007
7,843516,9073,36.46,5.08,1.076
8,824193,9438,40.17,5.48,1.145
9,866568,11001,45.1,5.77,1.269
10,917976,13297,51.04,6.22,1.449
11,988579,15837,57.7,6.66,1.602
12,1075189,18589,60.15,7.35,1.729
13,1156233,20418,60.47,7.54,1.766
14,1199820,21436,59.61,7.94,1.787
15,1234188,21171,56.39,7.79,1.715
16,1248831,20364,53.92,7.58,1.631
17,1243510,19632,52.48,7.36,1.579
18,1255054,18422,49.22,7.15,1.468
19,1236322,17451,48.26,6.97,1.412
20,1240607,17138,47.13,6.91,1.381
21,1214206,15962,45.48,6.62,1.315
22,1164678,14674,43.76,6.43,1.26
23,1094879,13622,43.07,6.7,1.244
